질환명,카테고리,텍스트
당뇨병,식사지침,"당뇨병 환자가 당류가 포함된 식품을 선택하거나 일상생활 중 간식, 음료를 고를 때, 농축된 단순당과 불규칙한 간식, 습관적인 가당 음료는 소화 흡수가 빨라 급격한 고혈당을 유발하며 상태를 치명적으로 만들 수 있습니다. 따라서 당류 섭취를 엄격히 제한하고 불규칙한 간식 및 가당 음료 섭취를 금지하는 것이 좋습니다."
당뇨병,식사지침,"당뇨병 환자가 하루 식단을 계획하고 매끼 식사를 할 때, 폭식과 과식은 췌장에 큰 부담을 주어 당 수치를 급격하게 올립니다. 규칙적인 열량 공급과 혈당 안정화를 위해 매끼 식사량을 줄여 조금씩 여러 번에 나누어 섭취하고, 각 식사마다 열량을 고르게 배분하여 4~5시간의 일정한 식사 간격을 유지하는 것이 좋습니다."
당뇨병,식사지침,"당뇨병 환자가 다양한 영양소를 안전하게 섭취하고자 할 때, 가공식품은 당질 함량을 정확히 예측하기 어려우므로 가공식품의 섭취를 줄이고 신선한 제철 음식을 식단에 적극적으로 이용해야 합니다. 만약 일상 식사만으로 필수 영양소를 충분히 얻지 못해 영양 불균형이 오면 당뇨 합병증을 유발할 수 있으므로, 반드시 의사와의 상담을 거쳐 영양제로 부족한 성분을 보충하는 것이 좋습니다."
당뇨병,식사지침,"당뇨병 환자가 매끼 식사를 시작할 때, 채소에 풍부한 식이섬유가 탄수화물의 흡수를 늦춰 혈당이 급격히 오르는 것을 막아줍니다. 따라서 밥이나 빵 같은 탄수화물보다 채소를 먼저 섭취하는 거꾸로 식사법이 권장됩니다. 이때 채소와 과일을 갈아서 액체 형태로 마시면 식이섬유 구조가 부서져 당 흡수가 빨라지므로, 즙이나 주스 형태가 아닌 생채소와 생과일을 껍질째로 섭취해야 합니다."
당뇨병,식사지침,"당뇨병 환자가 음식을 섭취할 때 천천히 오래 씹으면 영양소 흡수가 지연되어 췌장의 부담을 줄이고 포만감을 높여 과식을 예방하므로, 한 입에 최소 30번 이상 충분히 씹는 습관이 필요합니다. 또한 식사를 마쳤을 때 가벼운 신체 활동은 근육이 혈액 속 포도당을 에너지로 적극 활용하도록 도와 혈당을 자연스럽게 낮춰주므로, 식후 30분에서 1시간 이내에 15분 동안 가볍게 걷는 것이 좋습니다."
당뇨병,식사지침,"당뇨병 환자가 국물 요리를 먹을 때, 숟가락을 사용하면 국물에 녹아있는 탄수화물과 나트륨의 섭취량이 급격히 늘어나 혈당과 혈관에 무리를 주므로 건더기 위주로 젓가락만 사용하여 식사하는 것이 좋습니다. 또한 일상 건강 관리 시 체내 수분 부족은 혈액 농도를 높여 혈당 관리에 악영향을 줄 수 있으므로, 매시간 적어도 반 컵의 물을 규칙적으로 마시는 것이 좋습니다."
당뇨병,식사지침,"당뇨병 환자가 외식을 하거나 배달 음식을 먹을 때, 대중적인 외식 메뉴에는 설탕 등 인공 조미료가 과다하게 포함되어 당 수치를 높이므로 이를 제외하는 것이 좋습니다. 특히 공복감을 해소하고 싶을 때는 열량이 거의 없는 채소, 해조류를 먹거나 녹차를 마시는 것이 안전합니다. 더불어 음주 상황 시 과실주, 곡주, 칵테일 등 당분이 많은 술은 혈당을 많이 상승시키므로 당분이 포함된 술의 섭취는 삼가야 합니다."
당뇨병,조리팁,"당뇨병 환자가 합병증과 혈관 질환을 예방하기 위해 육류 및 가금류 요리를 준비할 때, 동물성 포화지방과 고콜레스테롤 음식은 혈관 건강을 악화시킵니다. 따라서 소고기와 돼지고기의 기름진 부위를 완전히 제거하고, 닭과 오리의 껍질을 벗겨 조리해야 하며, 내장류, 계란 노른자, 명란젓 등의 고콜레스테롤 식품 섭취를 줄이도록 조리하는 것이 좋습니다."
당뇨병,조리팁,"당뇨병 환자가 음식을 조리하거나 생채 무침 요리를 할 때, 설탕, 매실액, 물엿, 소금 등의 과다한 조미는 혈당 조절을 방해하고 빠르게 수치를 올릴 수 있습니다. 단맛을 내고자 할 때는 설탕 대신 천연 대체 감미료를 사용하고, 소금 대신 허브, 향신료, 식초나 레몬의 신맛, 혹은 고춧가루, 겨자, 계피 등의 매운맛 양념을 사용하여 당 수치에 영향을 주지 않고 음식의 풍미를 내는 것이 좋습니다."
당뇨병,조리팁,"당뇨병 환자가 식재료를 가열 처리하여 조리할 때, 기름을 많이 사용하는 방식은 열량과 지방 섭취를 지나치게 높여 혈당 관리에 악영향을 줍니다. 따라서 기름에 튀기거나 전을 부치는 형태의 기름진 조리법을 피하고, 원재료의 담백함을 살릴 수 있는 구이, 찜, 조림 등의 조리 방법을 선택하여 음식을 준비하는 것이 좋습니다."
당뇨병,음식궁합,"당뇨병 환자가 일상 식단이나 아침 식사를 계획할 때, 면류, 떡, 빵, 선식(미숫가루)처럼 정제 탄수화물 위주의 식품을 단독으로 섭취하면 포도당 흡수가 빨라져 혈당이 급상승(폭발)합니다. 따라서 탄수화물 단독 식사를 삼가고, 포만감을 높이고 흡수 속도를 늦춰주는 단백질 식품이나 채소류, 해조류, 곤약 등을 반드시 함께 조합하여 섭취하는 것이 좋은 궁합입니다."
당뇨병,음식궁합,"당뇨병 환자가 증상 완화 및 합병증 예방 식단을 구성할 때, 당 대사를 촉진하고 대사 스트레스를 줄여주는 천연 식품의 조합이 필수적입니다. 당뇨 악화 위험을 낮추는 녹황색 채소(시금치, 콜리플라워), 블루베리, 아몬드, 올리브오일과 함께, 당 대사를 돕고 신경 손상을 예방하는 비타민B군(계란, 닭고기, 우유, 콩류), 심혈관 합병증을 막는 오메가-3(연어), 그리고 혈당 조절에 유의미한 귀리, 여주, 돼지감자를 식단에 자주 포함하는 것이 좋습니다."
당뇨병,음식궁합,"당뇨병 환자가 감자, 고구마, 옥수수 같은 구황작물을 섭취할 때는 탄수화물 함량이 매우 높아 혈당을 강하게 자극하므로 섭취량을 엄격히 조절해야 합니다. 특히 공복에 구황작물을 단독으로 먹으면 당이 급상승하므로, 찌거나 생 형태의 고구마를 소량만 준비하여 반드시 단백질 식사를 먼저 마친 후 식후 간식 형태로 타이밍을 맞춰 섭취하는 궁합이 안전합니다."
당뇨병,음식궁합,"당뇨병 환자가 포케, 견과류, 씨앗류 등을 건강식이나 간식으로 선택할 때, 제조 가공 방식과 소스에 숨겨진 단순당을 주의해야 합니다. 달게 양념된 흰밥과 마요네즈, 유자 드레싱 소스, 설탕이 가미된 땅콩버터, 쿠키 형태로 가공된 씨앗류는 인슐린 저항성을 악화시키고 당 수치를 폭발시킵니다. 따라서 소스는 분리하고 밥양을 줄인 포케를 먹거나, 설탕이 없는 100% 땅콩버터 및 씨앗 원재료만을 소량 섭취하는 것이 올바른 식사 배합입니다."
당뇨병,음식궁합,"당뇨병 환자가 한식 메뉴나 반찬을 선택할 때, 과도한 염분과 숨겨진 조미료는 당 수치와 혈관 관리에 치명적입니다. 양념한 불고기나 조미된 반찬, 그리고 당과 나트륨 함량이 높은 국, 찌개, 장아찌, 젓갈류는 혈당을 올리는 원인이 되므로 국물과 절임류의 섭취량을 과감히 줄여야 합니다. 조리 시에는 소금과 간장의 사용량을 대폭 줄여 가능한 싱겁게 간을 맞추는 습관이 필요합니다."
당뇨병,대체식품,"당뇨병 환자가 단맛을 원하거나 안전한 간식을 찾을 때, 설탕, 단순당, 시판 과자나 소스는 소화가 빨라 급격한 고혈당을 유발합니다. 따라서 설탕 대신 인공감미료(대체당)를 사용하고 가공을 최소화해야 합니다. 간식으로는 설탕무첨가 요거트, 김 과자, 저당 아이스크림, 고단백 저당 두유, 삶은 계란처럼 혈당 지수(GI)가 낮은 복합당 중심의 식품을 대체 간식으로 선택하는 것이 좋습니다."
당뇨병,대체식품,"당뇨병 환자가 주식인 밥을 지어 먹을 때, 흰쌀밥이나 밀가루 같은 정제 곡물은 당을 급격히 올리므로 피해야 합니다. 대안으로 섬유질이 많은 현미나 율무를 고르되, 찹쌀 성분이 있는 찰현미는 백미만큼 당을 빠르게 올리므로 일반 메현미나 잡곡을 골라야 합니다. 또한 현미도 과식하면 혈당을 높이므로 반드시 섭취량을 조절하고 단백질과 섬유질이 풍부해 혈당 유지에 기여하는 보리, 콩, 병아리콩, 퀴노아를 적극 활용해 밥을 짓는 것이 좋습니다."
당뇨병,대체식품,"당뇨병 환자가 요리용 기름을 선택하거나 식단을 구성할 때, 동물성 소기름, 버터 등에 포함된 포화지방산과 트랜스지방산은 혈당 개선을 저해하고 심혈관 합병증 위험을 악화시킵니다. 따라서 동물성 포화지방 식품의 조리 및 섭취를 대폭 줄이고, 대신 심혈관 건강에 유익하고 혈당 개선에 도움을 주는 콩기름, 참기름, 들기름, 올리브유 같은 식물성 불포화지방산 유지를 대체하여 사용해야 합니다."
당뇨병,대체식품,"당뇨병 환자가 단백질 원을 선택할 때, 육류의 포화지방은 합병증 위험을 높일 수 있으므로 오메가3 지방산이 풍부해 혈당 개선과 심혈관 건강에 좋은 등푸른생선류를 대체 식품으로 선택하는 것이 좋습니다. 또한 과일을 간식으로 먹을 때 귤, 감 등 탄수화물과 당분이 많은 과일은 불필요한 당을 과다 흡수하게 만들어 당 수치를 자극하므로, 몸에 좋은 천연 식품이더라도 한 번에 먹는 과일 섭취량을 적절히 조절하는 지혜가 필요합니다."
당뇨병,대체식품,"당뇨병 환자가 마트에서 식품을 고를 때, 라면, 캔 식품, 훈제 식품, 베이컨이나 햄 같은 가공 및 인스턴트식품은 혈당지수를 예측하기 어렵고 급성 합병증을 초래할 수 있습니다. 이러한 가공식품과 국물 요리의 섭취를 완전히 제한하고, 신체 대사에 부담을 주지 않도록 가공을 최소화하여 자연 원재료의 형태를 그대로 유지한 신선한 식품으로 대체하여 식단을 구성하는 것이 좋습니다."
고혈압,식사지침,"고혈압 환자가 국물 음식, 짠 반찬, 배달 및 외식 음식을 자주 섭취하면 나트륨 과다로 인해 수축기 혈압 조절이 매우 어려워집니다. 따라서 전체 나트륨 섭취량을 줄이기 위해 국물은 건더기 위주로 먹고 가능한 한 집에서 싱겁게 요리해야 하며, 하루 소금 5~6g(나트륨 기준 2,000mg) 이하 섭취를 명확한 목표로 삼아 철저한 저염식을 실천해야 합니다."
고혈압,식사지침,"고혈압 환자가 기름진 육류나 소시지, 햄, 베이컨 같은 가공육을 자주 먹으면 염분과 포화지방 섭취가 늘어나 심혈관 건강에 해롭습니다. 이를 방지하기 위해 혈압 관리에 효과적인 DASH 식단(채소, 과일, 저지방 유제품)을 기본으로 구성하고, 동물성 포화지방 대신 두부, 생선, 닭가슴살 같은 담백한 저지방 단백질 식품을 골고루 선택하여 저지방·저염분 식사를 지속해야 합니다."
고혈압,식사지침,"고혈압 환자가 식사를 거르거나 과식, 야식을 반복하는 불규칙한 식생활을 지속하면 체중이 증가하고 혈압 관리에 큰 부담을 줍니다. 과체중은 혈압 상승의 직접적인 원인이 되므로, 폭식과 야식을 엄격히 줄이고 매일 적정량의 식사를 규칙적으로 하루 3끼에 나누어 섭취함으로써 안정적인 체중과 혈압 관리를 유도해야 합니다."
고혈압,식사지침,"고혈압 환자가 음주를 하면서 짠 안주나 음식을 함께 섭취하는 습관은 혈압 조절에 매우 불리하며 심혈관계에 강한 자극을 줍니다. 따라서 술을 마실 때는 반드시 알코올 섭취를 제한하는 절주를 실천해야 하며, 동시에 안주 역시 나트륨 함량이 낮은 저염식 식단을 선택하도록 강력히 권고합니다."
고혈압,식사지침,"고혈압 환자가 나트륨이 많은 가공식품 위주의 식습관을 고수하면 장기적으로 심혈관질환의 발생 위험이 급격히 커집니다. 식사 시 국물과 인스턴트 가공식품의 섭취를 의도적으로 줄여야 하며, 대한고혈압학회에서 권장하는 체계적인 식이조절, 규칙적인 운동, 적정 체중 유지를 일상 속에서 반드시 함께 병행해야만 혈압 강하 효과를 극대화할 수 있습니다."
고혈압,조리팁,"고혈압 환자가 기름진 조리법이나 두꺼운 튀김옷을 입힌 튀김 음식을 자주 섭취하면 지방과 나트륨 섭취가 동시에 증가하여 혈압 관리에 큰 부담이 됩니다. 이를 예방하기 위해 기름 사용을 최소화하는 조리법을 선택해야 하며, 원재료의 담백함을 살리면서 혈압 조절과 예방에 유리한 굽기, 찜, 삶기 등의 건강한 조리 방법을 적극적으로 활용하는 것이 좋습니다."
고혈압,조리팁,"고혈압 환자가 음식의 간을 맞추기 위해 소금이나 가공 조미료를 많이 사용하는 식습관은 혈압 조절에 매우 불리합니다. 조리 시 소금의 양을 대폭 줄이는 대신 후추, 파, 마늘, 생강, 고춧가루 같은 향신료를 적극 활용하고, 레몬즙이나 식초의 신맛을 더해 싱거우면서도 신선한 재료 본연의 맛과 풍미를 살려 조리해야 나트륨 섭취를 효과적으로 제한할 수 있습니다."
고혈압,조리팁,"고혈압 환자가 소금이나 간장을 눈대중으로 사용하거나 조리 과정에서 미리 강하게 간을 하면 나트륨을 과다 섭취하게 됩니다. 처음부터 소금을 적게 넣고 조리 마지막에 한 번만 간을 조절하거나, 음식을 아예 무염으로 조리한 뒤 저염 소스를 따로 곁들여야 합니다. 또한 소금은 반드시 계량스푼으로 측정해 소량만 사용하고, 식탁에서 습관적으로 소금을 추가로 넣지 않도록 주의해야 합니다."
고혈압,조리팁,"고혈압 환자가 국이나 찌개의 국물을 많이 마시거나 염장식품을 그대로 먹으면 나트륨 섭취량이 급격히 증가합니다. 국물 요리는 의도적으로 건더기 위주로 먹도록 조리하고, 일반 간장 대신 나트륨 함량이 낮은 저염 간장을 사용해야 합니다. 또한 장아찌나 젓갈 같은 염장식품을 섭취할 때는 조리 전 물에 깨끗이 헹구거나 데쳐서 소금기를 빼는 과정을 반드시 거쳐야 합니다."
고혈압,조리팁,"고혈압 환자가 혼자서만 싱거운 저염식을 실천하는 경우, 일상적인 맛의 차이로 인해 싱거운 맛에 적응하기 어렵고 장기적으로 지속하는 데 실패할 확률이 높습니다. 따라서 환자가 저염 식단에 부작용 없이 자연스럽게 적응하고 일상 속에서 식이요법을 꾸준히 유지할 수 있도록, 온 가족이 함께 참여하는 저염 식사 환경을 조성하는 것이 좋습니다."
고혈압,음식궁합,"고혈압 환자가 나트륨이 많은 식사를 지속하면 혈압 조절이 매우 어려워집니다. 이를 상쇄하기 위해 체내 나트륨 배출을 촉진하는 칼륨이 풍부한 채소와 과일을 함께 섭취하는 궁합이 필수적입니다. 매끼 식단에 시금치, 케일 같은 녹황색 채소를 포함하고, 토마토를 샐러드나 생채 형태로 곁들이며, 식후나 간식으로 바나나를 규칙적으로 섭취해 칼륨 공급을 극대화해야 합니다."
고혈압,음식궁합,"고혈압 환자의 균형 잡힌 혈압 관리를 위해서는 DASH 식단의 핵심인 식이섬유, 칼슘, 마그네슘의 영양 조합이 중요합니다. 전곡류(통곡물)와 마그네슘이 풍부한 견과류, 단백질과 섬유질을 보충해 주는 콩과 채소를 식단에 함께 곁들여야 하며, 혈관 수축 완화에 도움을 주는 칼슘을 보충하기 위해 저지방 또는 무지방 우유와 요거트를 일상적으로 곁들여 먹는 것이 아주 좋은 궁합입니다."
고혈압,음식궁합,"고혈압 환자가 포화지방과 기름기가 많은 육류 위주의 식사를 지속하면 혈관 탄력이 떨어지고 혈압 관리에 큰 부담이 됩니다. 동물성 포화지방 식품을 대폭 줄이는 대신, 대사 스트레스를 낮추고 혈관을 보호하는 오메가-3와 저지방 단백질이 풍부한 등푸른생선을 자주 활용해야 합니다. 또한 아보카도로 건강한 불포화지방을 채우고, 두부나 두유 같은 식물성 저지방 단백질 식품을 골고루 매칭해야 합니다."
고혈압,음식궁합,"고혈압 환자가 당분과 지방이 많은 디저트나 짠 과자, 기름진 간식을 자주 섭취하면 혈압 상승과 합병증 위험이 커져 식단 관리가 실패하기 쉽습니다. 자극적인 시판 간식의 대안으로, 칼륨과 비타민이 풍부한 생과일과 칼슘이 가득한 저지방 요거트를 조합하여 디저트나 간식으로 활용하면 맛을 챙기면서도 혈압에 안전한 저염·저지방 간식 궁합을 완성할 수 있습니다."
고혈압,음식궁합,"고혈압 환자가 식재료를 조리할 때, 몸에 좋은 재료라도 잘못 배합하면 혈압에 해롭습니다. 다시마, 미역 등 해조류는 자체 염분이 있으므로 무치거나 조리할 때 소금을 대폭 줄여 싱겁게 조리해야 궁합이 맞습니다. 또한 기름진 볶음 요리를 먹으면 혈관 부담이 커지므로, 육류와 채소를 조리할 때는 반드시 저지방 부위를 선택하고 소량의 식물성 기름만 사용하는 조리 배합을 지켜야 합니다."
고혈압,대체식품,"고혈압 환자가 흰쌀밥이나 흰쌀로 만든 볶음밥, 당분이나 초콜릿이 강한 시리얼 위주의 주식을 지속하면 식이섬유와 미네랄이 부족해져 혈관 건강에 불리합니다. 따라서 정제 곡물과 가공 시리얼의 섭취를 줄이고, 대안으로 식이섬유와 영양소가 풍부해 혈압을 천천히 올리는 현미, 보리 중심의 잡곡밥이나 통곡물 빵을 대체 주식으로 선택해야 합니다."
고혈압,대체식품,"고혈압 환자가 라면이나 장국 등 짜고 자극적인 국물 요리를 자주 마시거나 조리 시 소금을 많이 사용하면 나트륨을 과다 흡수하게 됩니다. 이를 방지하기 위해 짠 외식 국물 대신 채소수프처럼 싱겁게 끓인 저염 국물 요리를 선택해야 하며, 소금이나 가공 소스의 사용량을 대폭 줄이는 대신 허브와 향신료로 풍미를 내거나 보리차, 숭늉 등으로 국물을 대체하는 것이 안전합니다."
고혈압,대체식품,"고혈압 환자가 햄, 소시지 같은 가공육이나 크림소스 파스타, 동물성 버터를 자주 고수하면 포화지방과 염분 섭취가 위험 수준으로 증가합니다. 심혈관 합병증을 막기 위해 가공육 대신 기름기를 걷어낸 저염 닭가슴살을 활용하고, 크림소스 대신 토마토소스로 만든 파스타를 고르며, 동물성 버터나 소기름을 불포화지방산이 풍부한 식물성 올리브유 등의 유지류로 대체하여 요리해야 합니다."
고혈압,대체식품,"고혈압 환자가 입심심할 때 짠 과자, 감자칩, 가공 스낵류를 간식으로 자주 섭취하면 단시간에 혈압 조절 능력이 무너집니다. 나트륨과 트랜스지방 범벅인 시판 간식을 완전히 제한하는 대신, 인공적인 첨가물과 소금이 전혀 가미되지 않은 100% 무염 견과류를 적당량 섭취하거나 신선한 생과일을 천연 대체 간식으로 선택하여 혈관 부담을 최소화해야 합니다."
고혈압,대체식품,"고혈압 환자가 일반 짠 김치를 많이 먹거나 패스트푸드를 자주 배달해 먹는 습관은 하루 나트륨 제한량을 순식간에 초과하게 만듭니다. 외부 가공식품과 패스트푸드를 끊고 반드시 집에서 조리한 저염식 위주로 식사 형태를 전환해야 하며, 염장 김치 대신 소금기를 대폭 줄인 신선한 생채, 바로 무친 겉절이, 삼삼한 물김치 등 덜 짠 반찬으로 대체하여 상차림을 구성하는 것이 좋습니다."
고지혈증,식사지침,"고지혈증 환자가 기름진 육류 위주의 식사나 과자, 도넛 등 가공 유지가 들어간 식품을 자주 섭취하면 포화지방과 트랜스지방, 콜레스테롤이 누적되어 LDL 콜레스테롤 수치와 심혈관질환 위험을 극도로 높입니다. 이를 방지하기 위해 달걀노른자, 내장류 같은 고콜레스테롤 식품 섭취를 줄여야 하며, 포화지방이 많은 육류 대신 기름기가 적은 두부, 콩류, 생선 같은 담백한 저지방 단백질 식품을 선택해야 합니다."
고지혈증,식사지침,"고지혈증 환자가 단 음료나 디저트 등의 당류를 자주 먹고 잦은 술자리를 가지면 중성지방 수치가 악화되어 지질 관리에 큰 부담이 됩니다. 당류와 알코올은 체내 중성지방 합성을 촉진하므로 가당 음료나 단순당 디저트 대신 무가당 음료나 적정량의 생과일로 대체해야 하며, 술을 마실 때는 반드시 음주량을 제한하고 함께 먹는 안주 역시 고지방 안주가 아닌 저지방·저염 안주로 조절해야 합니다."
고지혈증,식사지침,"고지혈증 환자가 흰쌀밥 위주의 식단을 지속하면 혈중 지질 배출을 돕는 식이섬유가 부족해져 수치 관리에 불리합니다. 따라서 혈당과 지질 수치를 완만하게 관리할 수 있도록 흰쌀밥 대신 현미밥이나 잡곡밥을 주식으로 선택하고, 매끼 한 상 차림을 구성할 때 식이섬유가 풍부한 채소 반찬을 풍성하게 포함하여 탄수화물과 식이섬유의 균형을 맞추는 것이 좋습니다."
고지혈증,식사지침,"고지혈증 환자가 체중 관리에 실패하여 과체중 상태가 되면 과다한 열량 섭취로 인해 전반적인 혈중 지질 관리가 매우 어려워집니다. 일상에서 항상 적정 열량의 식사를 유지하는 습관이 필요하며, 마트에서 마켓 제품이나 가공식품을 구입할 때는 영양성분표를 철저히 확인하여 포화지방과 트랜스지방은 물론, 혈관 건강 악화를 막기 위해 나트륨 함량까지 함께 낮은 제품을 고르는 것이 안전합니다."
고지혈증,식사지침,"고지혈증은 특별한 자각 증상이 없으므로 환자가 임의로 식단 관리를 중단하거나 증상만으로 상태를 판단해서는 안 됩니다. 현재 약물치료를 받는 경우라도 식사요법은 지질 수치 관리의 가장 기본이므로 의료진 지시에 따른 생활습관 개선을 지속해야 하며, 정기적인 혈액검사를 통해 LDL, 중성지방 수치를 추적함과 동시에 심뇌혈관질환 예방을 위한 금연, 운동, 체중 관리를 반드시 병행해야 합니다."
고지혈증,조리팁,"고지혈증 환자가 치킨, 돈가스 등 튀긴 요리를 자주 먹거나 조리 시 기름을 반복해서 재사용하면 트랜스지방과 포화지방 섭취 위험이 극도로 커집니다. 지질 관리를 위해 마가린이나 쇼트닝이 많이 들어간 베이킹/빵류 식품의 선택을 피해야 하며, 음식을 만들 때는 기름에 튀기는 조리법 대신 원재료의 지방을 쏙 빼주는 굽기나 찜 조리법을 선택하는 것이 훨씬 안전합니다."
고지혈증,조리팁,"고지혈증 환자가 육류 요리를 준비할 때 동물성 포화지방 섭취를 효과적으로 줄여야 심혈관 합병증을 막을 수 있습니다. 조리 전 단계에서 소고기나 돼지고기 등에 눈에 보이는 하얀 기름진 부위(지방)는 가위나 칼로 완전히 잘라내어 제거해야 하며, 닭고기나 오리고기를 요리할 때도 포화지방 함량이 매우 높은 껍질 부위를 반드시 깨끗하게 벗겨낸 후 조리해야 합니다."
고지혈증,조리팁,"고지혈증 환자가 볶음 요리나 소스 요리를 만들 때 버터, 라드(돼지기름), 생크림 같은 동물성 고지방 유지를 사용하면 LDL 콜레스테롤 수치 관리에 치명적입니다. 조리 시에는 버터 대신 식물성 기름(올리브유, 카놀라유 등)을 소량만 사용하도록 조절해야 하며, 파스타나 크림 요리를 만들 때도 생크림을 사용하는 대신 저지방 우유를 대안 베이스로 활용하여 조리하는 것이 좋습니다."
고지혈증,조리팁,"고지혈증 환자가 마트에서 완제품이나 포장식품을 비교하고 구입할 때는 영양성분표를 꼼꼼히 확인하는 습관이 중요합니다. 이때 제품마다 표시된 '1회 제공량' 기준이 서로 다를 수 있으므로, 반드시 동일한 중량(양)을 기준으로 환산하여 포화지방, 트랜스지방, 콜레스테롤 함량이 가장 낮게 설계된 제품을 선택해야 올바른 식단 관리가 가능합니다."
고지혈증,조리팁,"고지혈증 환자가 한 끼 식사를 할 때 나트륨과 지방 흡수를 제어하는 부재료 배합이 필요합니다. 국물 요리는 건더기 위주로 먹고, 샐러드를 먹을 때는 지방·나트륨이 많은 드레싱 소스를 따로 덜어 조금씩만 찍어 먹어야 합니다. 면 요리를 먹을 때는 식이섬유 부족을 막기 위해 채소와 단백질 반찬을 곁들여야 하며, 간식으로 견과류를 고를 때는 불포화지방산 섭취엔 좋으나 열량이 높으므로 반드시 무염 제품으로 소량만 제한하여 먹는 것이 안전합니다."
고지혈증,음식궁합,"고지혈증 환자가 삼겹살 같은 고지방 육류를 먹거나 비빔밥 등 쌀밥 위주의 식사를 할 때는 포화지방과 정제 탄수화물의 과다 섭취로 지질 수치가 악화되기 쉽습니다. 이를 방지하기 위해 육류와 흰쌀밥의 절대적인 섭취량은 의도적으로 줄이고, 식이섬유가 풍부한 채소를 충분히 곁들이거나 밥을 잡곡밥으로 변경하여 매칭해야 체내 지질 흡수를 억제할 수 있습니다."
고지혈증,음식궁합,"고지혈증 환자가 라면, 김밥, 국밥, 튀김 같은 외식 및 분식 메뉴를 먹을 때는 나트륨, 포화지방, 열량이 순식간에 폭발할 수 있어 조합에 주의해야 합니다. 라면과 국밥은 국물을 반드시 남기고 살코기 건더기 위주로 먹어야 하며, 김밥은 햄과 단무지 대신 채소, 달걀, 참치 위주로 선택해야 합니다. 또한 튀김을 먹을 때 탄산음료 대신 물이나 무가당 음료를 조합하는 것이 안전한 식사 배합입니다."
고지혈증,음식궁합,"고지혈증 환자가 아침 식사나 간식으로 오트밀, 빵, 샌드위치 등을 고를 때 포화지방과 당류가 높은 버터, 치즈, 잼을 많이 곁들이면 심혈관 위험을 높입니다. 버터와 잼의 사용량은 대폭 줄여야 하며, 대안으로 식이섬유가 풍부한 과일이나 신선한 채소, 그리고 기름기 없는 담백한 살코기와 저지방 유제품을 함께 매칭하여 식단을 구성하는 것이 혈관 보호에 좋은 궁합입니다."
고지혈증,음식궁합,"고지혈증 환자가 한 끼 단백질을 섭취할 때 기름진 육류 중심의 식사 대신 생선구이나 두부를 선택하는 것은 포화지방을 줄이는 훌륭한 방법입니다. 여기에 식이섬유가 풍부한 채소 반찬을 세트로 함께 구성하여 먹으면, 혈중 콜레스테롤과 중성지방 배출을 촉진하고 영양 균형을 완벽하게 맞출 수 있는 최고의 청정 혈관 궁합이 완성됩니다."
고지혈증,대체식품,"고지혈증 환자가 삼겹살 같은 기름진 육류, 햄이나 소시지 같은 가공육, 그리고 일반 전지우유를 자주 섭취하면 포화지방과 나트륨이 누적되어 혈관 건강에 치명적입니다. 이를 예방하기 위해 육류와 가공육 대신 불포화지방산과 오메가-3가 풍부한 생선구이나 담백한 두부구이, 닭가슴살, 콩류로 단백질원을 대체해야 하며, 일반 우유 대신 포화지방을 줄인 저지방 또는 무지방 우유를 선택하는 것이 좋습니다."
고지혈증,대체식품,"고지혈증 환자가 흰쌀밥 위주의 주식을 지속해서 섭취하는 경우, 혈중 지질 성분을 흡착하여 배출해 주는 식이섬유와 미네랄이 부족해져 피가 탁해지기 쉽습니다. 따라서 정제된 곡물인 흰쌀밥의 사용을 줄이고, 대안으로 섬유질이 풍부하여 혈중 콜레스테롤과 중성지방 수치를 완만하게 조절하도록 돕는 잡곡밥이나 현미밥으로 주식을 대체하여 식단을 구성하는 것이 좋습니다."
고지혈증,대체식품,"고지혈증 환자가 입심심할 때 과자류, 탄산음료, 케이크, 도넛, 아이스크림을 자주 찾으면 단순당과 트랜스지방 과다로 중성지방과 LDL 콜레스테롤 수치가 폭발하게 됩니다. 자극적인 시판 간식의 대안으로 당류가 없는 물이나 무가당 차를 마시고, 소금이 첨가되지 않은 무염 견과류를 소량 섭취하거나, 신선한 생과일과 칼슘이 풍부한 저지방 요거트 조합으로 간식을 안전하게 대체해야 합니다."
고지혈증,대체식품,"고지혈증 환자가 음식을 요리하거나 샐러드, 파스타를 조리할 때 동물성 버터, 고지방 생크림, 마요네즈 소스를 많이 사용하면 포화지방과 과도한 지방을 원치 않게 흡수하게 됩니다. 버터 대신 식물성 오일을 소량만 사용하도록 습관을 바꾸고, 무거운 크림소스 파스타 대신 상큼한 토마토소스나 채소 중심 파스타로 대체해야 하며, 샐러드에도 마요네즈 대신 저지방 요거트 드레싱을 소량 활용하는 대체 조리법이 필요합니다."
고지혈증,대체식품,"고지혈증 환자가 기름진 튀김, 라면, 피자 같은 인스턴트 및 배달 음식을 고수하면 나트륨과 포화지방 섭취량이 감당할 수 없을 정도로 증가합니다. 기름에 튀긴 음식은 담백한 구이나 찜 요리로 바꾸고, 라면 대신 메밀국수와 채소 반찬을 조합하여 식사 형태를 전환해야 합니다. 피자가 먹고 싶을 때도 치즈와 가공육 토핑을 과감히 줄이고 식이섬유가 많은 채소 토핑을 늘려 조리하는 대안을 선택하는 것이 좋습니다."
신장질환,식사지침,"신장질환으로 투석을 받는 환자는 부종, 고혈압, 심장 부담 및 숨쉬기 어려움을 예방하기 위해 나트륨과 수분을 철저히 통제해야 합니다. 하루 소금 5g(나트륨 2g) 이하를 목표로 국물은 건더기 위주로 먹고 싱겁게 식사해야 합니다. 수분 제한량은 소변량에 따라 조절하되 보통 하루 1L 내외로 관리하며, 물뿐 아니라 커피, 차, 국, 수프 등 실온에서 액체가 되는 모든 음식을 수분 총량에 포함하여 투석 간 체중 증가가 건체중의 5%를 넘지 않도록 해야 합니다."
신장질환,식사지침,"신장질환 투석 환자가 칼륨을 과다 섭취하여 고칼륨혈증이 발생하면 근육 마비, 부정맥은 물론 심정지와 돌연사라는 치명적인 결과를 초래할 수 있습니다. 혈장 칼륨을 정상 범위로 유지하기 위해 하루 칼륨 섭취량은 2,000~3,000mg 이하로 엄격히 제한해야 합니다. 평소 투석 치료의 제거 범위와 정기적인 혈액검사 결과 수치를 기준으로 채소와 과일의 섭취량을 수시로 확인하고 조절하는 식사 관리가 필수적입니다."
신장질환,조리팁,"신장질환 투석 환자가 채소, 과일, 간식을 준비할 때 수분과 칼륨 함량을 낮추는 조리 전처리가 필요합니다. 아보카도, 키위, 멜론, 포도, 토마토(방울토마토), 말린 과일(건포도) 등은 칼륨과 수분이 매우 많으므로 섭취량을 엄격히 계량해야 합니다. 또한 젤라틴, 푸딩, 아이스크림 같은 디저트도 실온에서 액체로 변해 전체 수분량을 늘리므로, 간식 조리 및 섭취 시 과일·채소의 수분까지 총량에 반드시 포함해 계산해야 합니다."
신장질환,음식궁합,"신장질환 투석 환자가 인(P)이 많이 쌓여 고인산혈증이 지속되면 혈관 석회화와 동맥경화가 악화되어 심장질환 위험이 커지고 뼈가 약해지며 피부 가려움증이 생깁니다. 인은 단백질 식품(고기, 생선, 닭고기, 달걀, 콩, 견과류)과 유제품(우유, 요구르트, 치즈), 콜라 등에 많으므로 유제품은 하루 1컵 이하로 조절해야 합니다. 특히 의사에게 처방받은 '인 결합제' 처방약은 식사로 들어온 인을 대변으로 배출시키므로 반드시 식사와 함께 타이밍을 맞춰 복용하는 것이 최고의 음식 궁합입니다."
신장질환,대체식품,"신장질환 투석 환자는 가공식품, 가공육(핫도그, 햄, 소시지, 베이컨), 캔 통조림, 냉동식품, 짠 염장 반찬(김치, 장아찌, 젓갈, 자반생선)을 완전히 피해야 합니다. 가공식품 속 인산염 첨가제와 눈에 보이지 않는 나트륨은 뼈와 심장에 독이 됩니다. 대신 영양 상태 저하와 혈액 단백질인 알부민 수치 하락을 막기 위해 필수아미노산이 풍부한 신선한 생고기, 생선, 달걀 등 질 좋은 단백질(매일 체중 kg당 1.2g) 위주로 식단을 대체하고, 반찬은 덜 짠 저염 무생채나 백김치를 소량 선택해야 합니다."
신장질환,대체식품,"신장질환 투석 환자가 식사 제한으로 체중이 지속 감소하거나 에너지가 부족할 때, 잘못된 보충제를 쓰면 위험합니다. 칼륨이 포함된 소금 대체품, 포화지방이 많은 버터/마가린, 비타민A가 든 일반 종합비타민은 전해질 불균형을 유발하므로 피해야 합니다. 대체재로서 밥, 면, 통곡물 빵에 올리브유나 카놀라유 같은 식물성 기름을 곁들여 칼로리를 안전하게 보충하고, 영양소는 투석 환자용 전용 비타민 제제나 처방 향신료로 대체해야 합니다. (당뇨 합병증 동반 시 열량제는 의료진 상담 필수)"
신장질환,조리팁,"신장질환 투석 환자가 나물, 채소 반찬, 감자 등을 섭취할 때 생으로 먹으면 칼륨 섭취가 급격히 늘어 위험합니다. 채소나 감자의 칼륨 성분을 효과적으로 줄이기 위해서는 조리 전 전처리가 필수적입니다. 먼저 재료의 껍질을 벗기고 최대한 얇고 잘게 썬 뒤 많은 양의 물에 오랜 시간 담갔다가 헹구거나(수침), 끓는 물에 충분히 데친 후 데친 물은 반드시 버리고 찬물에 여러 번 다시 헹구어 조리하는 방법을 사용해야 합니다."
신장질환,조리팁,"신장질환 투석 환자가 집에서 음식을 조리할 때 간장, 된장, 고추장 같은 전통 장류 양념을 눈대중으로 많이 넣으면 나트륨 제한이 불가능해집니다. 염분이 많은 모든 양념류는 반드시 계량 도구를 사용해 최소한의 정량만 넣도록 제한해야 하며, 싱거워진 음식의 맛과 풍미를 보완하기 위해 나트륨이 없는 향신채(파, 마늘 등)나 식초, 레몬즙 같은 산미가 있는 재료를 적극 활용하여 조리해야 합니다."
신장질환,음식궁합,"신장질환 투석 환자는 투석으로 소실되는 알부민과 근육 유지를 위해 단백질을 충분히 섭취해야 하지만, 대다수의 고단백 식품에는 인(P)이 함께 가득 들어 있습니다. 따라서 고기, 생선, 달걀, 닭고기 등의 단백질 원을 식단에 포함할 때는 포화지방과 인 섭취가 한 번에 과해지지 않도록 가공육을 피하고 신선한 살코기 위주로 정량만 곁들이는 철저한 영양 균형 궁합을 고려해야 합니다."
신장질환,대체식품,"신장질환 투석 환자가 인(P) 조절이 필요한 상황에서 현미, 잡곡밥, 메밀국수, 잡곡빵, 잡곡떡을 건강식으로 오해하여 자주 섭취하면 인 수치가 급격히 상승해 뼈가 약해지고 가려움증이 생깁니다. 타 만성질환 식단과 달리 신장질환에서는 인 섭취를 줄이기 위해 잡곡밥 대신 흰쌀밥을 선택하고, 메밀이나 잡곡이 섞인 면 대신 소면이나 우동면 같은 흰국수를 고르며, 잡곡 제품 대신 잡곡이 섞이지 않은 흰빵이나 흰떡을 대체 주식 및 간식으로 선택해야 합니다."
신장질환,대체식품,"신장질환 투석 환자가 음식을 싱겁게 먹기 위해 무작정 소금이나 간장 사용량을 줄이면 식욕 저하와 영양 부족을 초래할 수 있습니다. 짠맛을 강제로 참는 대신, 음식의 맛과 풍미를 살려 저염식을 지속할 수 있도록 돕는 대체 양념을 적극 활용해야 합니다. 소금 대신 식초나 레몬즙의 상큼한 산미를 더하거나, 겨자, 고춧가루, 후추의 매콤한 맛, 그리고 파, 양파, 마늘 같은 천연 향신채를 대체재로 사용하여 조리하는 것이 좋습니다."
신장질환,대체식품,"신장질환 투석 환자가 투석으로 손실되는 단백질을 보충할 때 기름에 튀기거나 인산염 및 나트륨 첨가제가 다량 포함된 가공육 제품을 선택하면 신장과 심장에 강한 부담을 줍니다. 가공 단백질 식품 대신, 가공을 최소화하고 원재료 그대로 조리하여 비교적 담백하고 질 좋은 필수아미노산을 안전하게 공급해 주는 닭고기, 신선한 생선, 기름기를 뺀 로스트비프 등의 저지방 천연 식품을 대체 단백질원으로 선택해야 합니다."
