음 식 명,식품중량,에너지(kcal),탄수화물(g),단백질(g),지방(g),당류(g),칼륨(mg),인(mg),나트륨(mg),포화지방산(g),콜레스테롤(mg)
(검은)콩조림,30g,281.0,34.83,17.97,7.73,3.53,602.0,251.0,868.0,0.67,0.0
가래떡,100g,195.0,43.73,3.92,0.51,0.0,23.0,43.0,241.0,0.19,0.0
가자미전,150.0,220.464,6.684,29.9715,7.123499999999999,0.0,495.97950000000003,279.4755,814.374,,226.875
가자미조림,280ml,62.0,4.41,7.9,1.37,1.51,233.0,82.0,241.0,0.24,32.1
가지나물,50g,36.0,4.18,1.42,1.5,2.34,222.0,45.0,274.0,0.22,0.0
간자장,500g,125.0,15.13,5.12,4.89,0.86,125.0,53.0,455.0,0.8,6.05
간장게장,250.0,292.7025,13.884999999999998,32.665,2.0875,0.1702499999999999,1137.6924999999997,458.4275,3075.5325,,223.125
갈비삼각김밥,94.50,185.0,30.58,4.8,4.4,0.24,82.0,64.0,179.0,0.67,3.92
갈비탕,670g,54.0,0.4,8.51,2.06,0.11,106.0,49.0,199.0,0.79,31.46
갈치조림,400ml,65.0,4.44,6.31,2.4,1.78,213.0,78.0,232.0,0.67,21.47
감자국,400g,21.0,3.67,0.9,0.26,0.85,122.0,22.0,215.0,0.03,0.0
감자밥,261.5,130.0,28.45,2.4,0.14,0.01,113.0,37.0,2.0,0.05,0.0
감자볶음,100g,100.0,12.41,1.75,4.84,3.37,311.0,38.0,318.0,0.63,0.0
감자전,200g,133.0,16.79,1.72,6.54,1.81,406.0,46.0,293.0,0.89,0.0
감자조림,50g,114.0,18.1,2.4,3.52,7.68,401.0,56.0,487.0,0.42,0.0
감자탕,530g,71.0,2.27,6.31,4.06,0.0,98.0,43.0,328.0,1.16,38.53
감자튀김,150g,312.0,35.15,4.55,17.01,0.37,657.0,123.0,78.0,3.29,0.0
갓김치,100g,37.0,7.07,3.26,0.4,2.46,328.0,49.0,720.0,0.08,0.0
건새우볶음,20g,304.0,5.4,41.55,12.95,4.05,631.0,761.0,1554.0,1.75,387.95
게살죽,800g,71.0,13.42,2.24,0.89,0.02,43.0,24.0,182.0,0.26,6.27
경단,100g,218.0,43.1,8.2,1.4,0.0,1182.0,91.0,238.0,0.0,0.0
고구마맛탕,200g,246.0,47.3,1.65,5.5,19.35,464.0,76.0,38.0,0.95,0.0
고구마줄기나물,50g,83.0,4.1,0.98,7.0,0.0,122.0,29.0,179.0,1.16,0.0
고구마튀김,166.5,193.0,29.37,2.7,6.86,5.91,244.0,53.0,17.0,1.16,27.33
고기만두,315ml,105.0,13.15,6.6,2.51,0.27,113.0,74.0,322.0,0.54,7.77
고들빼기,50g,71.0,11.52,3.0,1.38,4.4,257.0,42.0,605.0,0.14,3.9
고등어조림,100g,141.0,4.1,11.25,8.84,3.39,346.0,148.0,390.0,2.14,30.05
고등어찌개,451.8,38.0,2.02,3.5,1.69,0.9,112.0,46.0,193.0,0.43,9.45
고사리나물,60ml,34.0,3.57,2.7,1.65,0.43,188.0,58.0,166.0,0.26,0.01
고추잡채,400ml,67.0,4.21,4.18,3.91,1.49,150.0,52.0,159.0,0.9,14.49
고추장아찌,100g,124.0,31.49,2.39,0.63,11.38,209.0,34.0,2026.0,0.11,0.0
고추장찌개,100g,124.0,31.49,2.39,0.63,11.38,209.0,34.0,2026.0,0.11,0.0
고추전,150g,183.0,11.34,8.61,11.48,1.45,207.0,111.0,241.0,2.35,52.54
고추조림,100g,111.0,13.4,3.3,4.9,7.1,291.0,69.0,779.0,0.7,7.09
고추튀김,100g,202.0,14.6,7.6,12.6,2.3,197.0,107.0,249.0,2.7,35.91
곤드레밥,500ml,124.0,26.8,2.2,0.94,0.15,23.0,37.0,9.0,0.18,0.0
골뱅이국수무침,100ml,87.0,15.19,5.01,0.71,4.01,118.0,48.0,379.0,0.13,12.06
골뱅이무침,100g,109.0,15.69,7.08,1.97,10.46,224.0,72.0,526.0,0.26,38.35
곰탕,600g,24.0,0.11,3.43,1.12,0.0,35.0,17.0,124.0,0.41,9.04
곱창전골,570ml,47.0,2.66,3.57,2.61,0.77,104.0,38.0,111.0,0.71,42.7
광어초밥,245ml,189.0,28.65,10.0,3.14,2.45,129.0,131.0,394.0,0.9,63.44
광어회 ,100.0,116.2,9.34,17.2,1.36,5.46,382,171.2,754.4,,74.96
국수전골,457.7,88.0,14.56,3.4,1.83,1.09,166.0,41.0,298.0,0.47,3.89
군만두,257.3,219.0,25.22,8.5,9.25,0.44,215.0,95.0,237.0,2.67,6.66
굴국,500g,25.0,2.93,2.41,0.36,0.14,107.0,42.0,251.0,0.09,8.78
굴전,100g,195.0,14.5,10.6,10.5,1.3,195.0,160.0,326.0,2.1,96.88
굴짬뽕,900g,76.0,12.85,3.65,1.07,0.19,79.0,39.0,296.0,0.16,18.15
근대된장국,300ml,10.0,1.36,0.9,0.25,0.21,133.0,16.0,184.0,0.04,0.26
기스면,1000g,61.0,8.98,3.78,1.07,0.05,46.0,34.0,276.0,0.21,41.65
기타잡곡밥,200g,146.0,29.33,5.3,0.87,0.32,157.0,111.0,3.0,0.22,0.0
김말이튀김,100.0,195.0,30.51,2.05,7.2,1.88,77.0,53.0,460.0,1.04,0.0
김무침,30g,259.0,19.33,21.17,10.73,5.73,1287.0,380.0,1011.0,1.53,0.0
김치국,400g,23.0,2.63,1.34,0.76,0.03,105.0,30.0,208.0,0.19,4.78
김치김밥,230g,140.0,19.98,4.84,4.55,0.0,118.0,55.0,307.0,1.1,19.3
김치라면,550g,82.0,13.65,1.72,2.28,0.0,57.0,20.0,283.0,0.82,0.0
김치만두,315ml,130.0,15.15,8.7,3.3,0.81,214.0,110.0,431.0,0.67,8.63
김치말이국수,600g,50.0,8.67,2.15,0.8,1.38,99.0,29.0,354.0,0.18,14.83
김치볶음,100g,106.0,7.27,1.38,7.94,4.45,316.0,52.0,521.0,0.87,4.66
김치볶음밥,320ml,130.0,21.5,3.8,2.79,1.01,132.0,62.0,152.0,0.59,6.45
김치우동,800ml,71.0,12.76,2.14,1.1,0.23,40.0,22.0,270.0,0.24,0.72
김치전,150g,134.0,19.01,5.05,4.2,4.21,208.0,72.0,240.0,0.87,54.91
깍두기,50g,33.0,4.24,1.56,1.06,2.54,283.0,36.0,808.0,0.04,3.06
깐풍기,180ml,190.0,16.42,13.3,7.7,3.38,354.0,97.0,140.0,1.26,46.64
깨강정,30.0,150.29999999999998,13.62,4.5,9.87,0.0,67.5,125.69999999999999,24.3,,0.0
깨죽,800g,64.0,9.91,1.71,1.99,0.45,28.0,35.0,145.0,0.35,0.0
깻잎김치,50g,62.0,8.92,2.82,1.72,4.04,384.0,55.0,924.0,0.08,0.0
깻잎나물볶음,200g,103.0,5.75,3.75,7.2,0.3,176.0,69.0,521.0,0.85,0.0
깻잎장아찌,82.90,65.0,12.9,3.7,0.72,5.28,327.0,70.0,520.0,0.15,0.0
깻잎전,72.80,215.0,16.92,12.0,10.42,0.03,226.0,123.0,858.0,2.19,86.75
꼬리곰탕,800ml,40.0,2.29,2.3,2.17,0.23,36.0,23.0,79.0,0.62,8.29
꽁치조림,100g,244.0,5.14,15.52,17.87,4.05,310.0,203.0,350.0,3.52,32.81
꽁치찌개,300g,118.0,4.07,8.0,7.77,1.97,225.0,117.0,432.0,1.63,21.11
꽃게탕,600g,17.0,1.44,1.86,0.41,0.95,99.0,25.0,273.0,0.04,2.61
꿀떡,100g,228.0,49.48,3.74,1.73,0.29,39.0,52.0,275.0,0.3,0.0
나박김치,100g,10.0,1.15,0.46,0.38,0.34,89.0,10.0,377.0,0.02,0.0
낙지볶음,200g,91.0,8.6,5.77,3.77,7.91,217.0,77.0,537.0,0.44,44.76
낙지탕,600g,31.0,1.73,4.9,0.53,0.32,107.0,52.0,284.0,0.07,48.74
내장탕,600g,71.0,1.68,5.82,4.52,0.05,78.0,51.0,216.0,1.78,63.89
노각무침,85ml,20.0,3.98,0.9,0.43,2.15,127.0,19.0,332.0,0.07,0.0
녹두빈대떡,210ml,176.0,21.43,9.4,5.68,0.31,515.0,161.0,108.0,1.16,4.58
농어초밥,245ml,189.0,28.65,10.0,3.14,2.45,129.0,131.0,394.0,0.9,63.44
느타리버섯볶음,100g,87.0,7.69,3.61,4.66,3.24,241.0,107.0,453.0,0.45,1.17
다식,30g,369.0,73.97,8.3,4.48,26.65,365.0,158.0,13.0,0.89,0.0
단무지,30g,13.0,2.4,0.33,0.2,0.47,49.0,11.0,552.0,0.03,0.0
단무지무침,50g,40.0,5.6,1.0,1.6,1.4,107.0,22.0,858.0,0.2,0.0
달걀국,400g,13.0,0.69,0.93,0.74,0.0,19.0,20.0,246.0,0.27,31.11
달걀말이,100g,193.0,1.45,17.21,13.21,0.0,144.0,186.0,449.0,3.33,339.85
달걀장조림,100g,138.0,8.67,9.85,7.12,6.87,180.0,134.0,628.0,2.07,246.68
달걀찜,110ml,119.0,1.66,11.1,7.01,0.62,142.0,151.0,871.0,2.19,255.67
달래나물무침,60g,63.0,6.07,2.92,3.02,3.83,269.0,61.0,567.0,0.4,0.0
닭갈비,300.0,562.104,24.543,52.29599999999999,28.887,3.513,1087.6830000000002,502.197,975.549,,224.1
닭강정,183.9,219.0,21.41,17.9,6.21,4.63,268.0,99.0,174.0,1.01,62.51
닭개장,420ml,39.0,2.5,4.96,1.07,0.46,120.0,41.0,118.0,0.26,14.81
닭곰탕,650g,51.0,2.0,7.51,1.42,0.3,156.0,91.0,170.0,0.3,36.02
닭꼬치,90ml,181.0,5.55,32.1,2.58,3.8,445.0,150.0,122.0,0.41,86.67
닭볶음탕,300g,111.0,8.52,11.91,3.22,0.42,327.0,105.0,376.0,1.19,42.44
닭죽,400g,44.0,7.14,2.68,0.57,0.0,41.0,28.0,117.0,0.33,7.45
닭칼국수,700g,77.0,14.9,3.3,0.49,0.0,87.0,38.0,220.0,0.2,17.14
닭튀김,300g,301.0,16.27,21.73,16.57,0.5,316.0,249.0,415.0,4.33,59.31
대구찜,191ml,57.0,3.32,8.3,1.18,1.02,140.0,100.0,170.0,0.18,24.55
더덕구이,180ml,108.0,22.34,1.86,2.14,6.76,219.0,61.0,333.0,0.27,0.0
더덕무침,70ml,65.0,14.72,1.29,0.65,4.26,156.0,43.0,148.0,0.11,0.02
도가니탕,500g,40.0,0.82,8.35,0.33,0.0,29.0,13.0,150.0,0.13,18.34
도라지나물,60ml,36.0,5.35,0.8,1.47,0.48,99.0,31.0,133.0,0.2,0.0
도라지생채,160g,77.0,16.15,2.06,0.51,5.25,162.0,48.0,283.0,0.13,0.0
도미찜,226.7,52.0,3.22,7.9,0.91,0.92,126.0,127.0,85.0,0.15,24.37
도토리묵,116.9,55.0,9.91,1.1,1.27,0.15,64.0,19.0,363.0,0.2,0.0
돈가스,100g,280.0,15.89,13.85,17.94,4.99,224.0,188.0,343.0,3.16,26.48
돌솥밥,575ml,101.0,17.46,3.4,1.78,1.05,116.0,54.0,93.0,0.42,26.99
동그랑땡,150.0,312.4125,14.705999999999998,19.674,18.72300000000001,0.0,373.68749999999994,221.8875,579.8100000000001,,184.275
동치미,200g,14.0,2.28,0.29,0.37,1.45,87.0,12.0,412.0,0.01,0.0
동태전,100g,195.0,6.11,16.48,11.63,0.26,217.0,184.0,318.0,1.6,136.73
동태조림,250g,110.0,6.96,16.32,1.88,4.08,307.0,186.0,557.0,0.44,87.38
동태찌개,200g,44.0,1.72,6.11,1.37,0.13,174.0,87.0,273.0,0.2,26.68
돼지갈비,300g,194.0,7.44,13.29,12.32,0.13,332.0,162.0,478.0,3.68,50.07
돼지갈비찜,300g,194.0,7.44,13.29,12.32,0.13,332.0,162.0,478.0,3.68,50.07
돼지고기김치찌개,300g,48.0,2.26,6.25,1.51,0.13,156.0,56.0,255.0,0.21,10.95
돼지고기메추리알장조림,80ml,131.0,4.62,12.5,6.35,0.77,233.0,163.0,520.0,2.2,164.17
돼지고기볶음,250g,195.0,4.73,12.15,14.19,0.38,370.0,155.0,501.0,4.18,45.6
돼지고기수육,300.0,1218.1855999999998,8.694199999999999,61.4684,99.51639999999998,0.0,769.5208000000001,483.604,389.5309,,191.4
돼지국밥,809ml,72.0,12.55,2.1,1.16,0.41,35.0,22.0,143.0,0.41,2.93
돼지껍데기볶음,100g,348.0,3.37,23.74,26.64,3.42,61.0,35.0,475.0,9.08,35.76
된장찌개,200g,46.0,4.44,3.38,1.63,0.0,151.0,55.0,318.0,0.27,0.0
두부고추장조림,50g,143.0,4.4,9.64,9.66,3.64,187.0,151.0,161.0,1.36,0.0
두부구이,160ml,151.0,4.34,10.2,9.91,0.02,136.0,163.0,91.0,1.59,25.06
두부김치,400ml,66.0,3.6,3.8,3.96,1.04,147.0,71.0,116.0,0.59,0.0
두부부침,100g,140.0,2.07,10.92,9.77,0.24,213.0,193.0,429.0,1.45,0.0
두부전,160ml,151.0,4.34,10.2,9.91,0.02,136.0,163.0,91.0,1.59,25.06
두부전골,500g,63.0,3.42,5.12,3.22,0.7,144.0,87.0,330.0,0.48,1.77
들깨칼국수,700g,77.0,14.9,3.3,0.49,0.0,87.0,38.0,220.0,0.2,17.14
땅콩조림,20g,483.0,19.95,18.75,36.4,9.85,518.0,339.0,574.0,5.8,0.0
떡갈비,200g,202.0,2.46,21.38,11.82,0.4,299.0,170.0,404.0,4.29,68.04
떡국,700g,84.0,16.37,3.43,0.53,0.08,51.0,34.0,176.0,0.24,16.7
떡라면,550g,96.0,15.27,2.04,2.92,0.0,53.0,21.0,270.0,1.0,0.0
떡만둣국,600g,111.0,15.47,3.53,3.91,0.01,91.0,37.0,206.0,0.57,11.33
떡볶이,180g,144.0,25.96,3.51,2.96,4.4,84.0,46.0,391.0,0.28,2.34
라면,550g,82.0,13.65,1.72,2.28,0.0,57.0,20.0,283.0,0.82,0.0
라볶이,200g,134.0,20.14,2.83,4.71,0.94,106.0,35.0,311.0,1.47,2.52
마늘장아찌,100g,113.0,25.36,2.43,0.16,15.03,69.0,29.0,1127.0,0.04,0.0
마늘쫑무침,30g,106.0,12.77,2.73,4.93,7.47,241.0,57.0,313.0,0.63,0.0
마늘쫑장아찌,100g,118.0,27.34,1.96,0.14,13.02,105.0,19.0,1410.0,0.04,0.0
마파두부,160g,109.0,5.36,7.29,6.48,2.45,115.0,95.0,352.0,1.04,6.79
막국수,732.6,58.0,10.96,2.0,0.6,0.17,63.0,21.0,226.0,0.18,1.49
만둣국,700g,62.0,6.83,3.06,2.49,0.44,73.0,32.0,338.0,0.61,13.5
매운탕,650ml,34.0,1.89,5.7,0.52,0.5,143.0,82.0,209.0,0.09,42.29
매작과,30g,413.0,66.11,7.51,13.15,16.42,107.0,77.0,99.0,2.35,33.42
머위나물볶음,150g,72.0,5.07,2.33,4.67,1.2,179.0,54.0,479.0,0.53,0.0
메밀국수,400ml,86.0,17.96,2.5,0.32,1.44,58.0,26.0,255.0,0.08,0.0
메밀전병,100.0,166.141,24.821,5.792,5.496,0.0,274.485,137.628,340.662,,0.0
메추리알장조림,61.50,151.0,8.89,11.3,6.79,2.55,217.0,195.0,983.0,2.15,301.21
멸치볶음,50g,276.0,13.62,39.44,7.08,11.6,598.0,1081.0,2606.0,1.28,368.7
명란젓,100g,147.0,3.98,17.96,6.54,0.0,199.0,293.0,2044.0,0.72,247.92
모래집튀김,150g,312.0,19.4,18.73,17.73,1.2,269.0,204.0,215.0,2.73,167.94
무나물,60ml,28.0,3.86,0.7,1.14,1.53,225.0,33.0,136.0,0.12,0.0
무말랭이,20g,121.0,22.5,4.2,1.55,4.1,405.0,87.0,450.0,1.25,1.95
무생채,150g,49.0,7.33,2.43,1.11,1.78,259.0,57.0,821.0,0.16,8.09
무장아찌,15.70,116.0,14.25,2.5,5.97,7.44,449.0,86.0,359.0,0.92,0.0
무지개떡,100g,229.0,53.01,3.53,0.31,8.99,32.0,41.0,277.0,0.16,0.0
무피클,50.0,17.0,4.192,0.404,0.052,1.992,108.32,11.56,6.6,,0.0
문어숙회,80.0,67.488,0.1824,14.136000000000005,0.7296,0.0,273.752,171.45600000000002,222.832,,116.736
문어초밥,245ml,189.0,28.65,10.0,3.14,2.45,129.0,131.0,394.0,0.9,63.44
물냉면,780ml,96.0,18.22,3.6,0.71,0.42,97.0,47.0,201.0,0.21,11.44
물만두,350ml,92.0,10.5,6.1,2.56,0.06,103.0,77.0,102.0,0.48,4.66
미꾸라지튀김,100g,387.0,28.85,10.89,25.39,0.3,173.0,438.0,324.0,3.89,50.15
미나리나물,50g,59.0,4.48,2.03,3.67,0.0,238.0,55.0,301.0,0.5,0.0
미나리전,150g,151.0,22.82,3.49,5.08,1.16,132.0,46.0,166.0,0.82,7.92
미소된장국,300ml,8.0,0.93,0.6,0.22,0.23,56.0,13.0,164.0,0.04,0.06
미역국,400g,12.0,0.87,0.65,0.61,0.27,81.0,14.0,168.0,0.05,0.0
미역오이냉국,270ml,13.0,2.91,0.7,0.21,1.84,124.0,15.0,338.0,0.04,0.0
미역초무침,50g,35.0,5.24,1.18,1.02,1.3,170.0,25.0,452.0,0.16,0.0
바지락조개국,320ml,17.0,0.74,2.2,0.51,0.11,28.0,29.0,222.0,0.09,1.25
배추겉절이,160ml,24.0,4.68,1.3,0.38,2.08,210.0,35.0,292.0,0.07,0.5
배추김치,100g,38.0,6.49,1.98,0.43,2.4,334.0,49.0,551.0,0.07,0.0
배추된장국,280ml,11.0,1.52,0.8,0.23,0.54,69.0,16.0,145.0,0.04,0.34
배추전,150g,160.0,23.68,3.44,5.78,3.35,121.0,52.0,218.0,0.92,4.82
백김치,100g,16.0,3.0,0.95,0.07,1.04,187.0,29.0,395.0,0.01,0.0
백설기,100g,230.0,50.4,3.71,1.45,0.11,31.0,36.0,211.0,0.12,0.0
버섯전,150g,160.0,10.8,7.02,9.91,1.83,256.0,136.0,209.0,1.53,66.73
버섯찌개,400g,42.0,3.85,3.68,1.3,1.1,164.0,56.0,323.0,0.33,4.14
보리밥,200g,161.0,36.77,2.9,0.24,2.57,28.0,34.0,4.0,0.1,0.0
볶음밥,350g,183.0,33.97,5.56,2.76,0.0,99.0,61.0,212.0,1.1,29.28
볶음우동,707ml,59.0,6.42,2.0,2.58,0.15,32.0,23.0,272.0,0.45,14.35
부대찌개,600g,123.0,10.27,5.86,6.49,0.18,170.0,86.0,239.0,1.68,11.05
부추김치,50g,47.0,6.36,2.68,1.16,4.08,435.0,44.0,761.0,0.1,0.0
부추전,150g,167.0,27.86,4.63,4.17,8.28,173.0,46.0,247.0,0.8,26.17
북어조림,100g,182.0,17.14,20.83,3.33,8.2,270.0,207.0,766.0,0.67,99.63
북어채무침,150g,188.0,12.05,28.4,2.91,5.59,652.0,357.0,756.0,0.51,110.75
불고기,200g,170.0,4.26,16.41,9.66,3.24,309.0,153.0,418.0,3.26,50.02
불고기덮밥,500.0,699.96,92.0921645,29.311298701,21.3995671,5.99,764.5,328.37000000000006,1182.88,,72.0
비빔국수,100g,113.0,20.94,3.2,1.86,4.31,97.0,43.0,333.0,0.34,7.04
비빔냉면,600ml,90.0,14.53,3.8,1.66,1.37,84.0,50.0,152.0,0.45,16.05
뼈다귀해장국 ,650ml,21.0,0.96,2.7,0.63,0.36,74.0,29.0,108.0,0.2,5.86
뼈해장국,650ml,21.0,0.96,2.7,0.63,0.36,74.0,29.0,108.0,0.2,5.86
산자,30g,366.0,82.17,2.31,3.09,31.35,41.0,29.0,23.0,0.09,0.0
산채비빔밥 ,450g,142.0,18.84,6.86,4.32,0.05,180.0,79.0,232.0,0.95,42.26
삼계탕,900g,101.0,3.84,10.68,4.8,0.45,156.0,105.0,82.0,1.29,48.19
삼선볶음밥,350g,183.0,33.97,5.56,2.76,0.0,99.0,61.0,212.0,1.1,29.28
삼선우동,800ml,71.0,12.76,2.14,1.1,0.23,40.0,22.0,270.0,0.24,0.72
삼선자장면,700g,115.0,18.08,4.81,2.59,1.45,91.0,43.0,375.0,0.58,23.79
삼선짬뽕,800g,58.0,8.26,2.79,1.54,1.57,80.0,36.0,181.0,0.25,10.52
삼치구이,200g,178.0,1.45,21.42,9.57,0.22,220.0,159.0,217.0,2.02,79.38
상추겉절이,150ml,21.0,3.38,0.9,0.69,1.59,154.0,21.0,127.0,0.11,0.0
새우볶음밥,300g,161.0,91.62000000000002,2.6,17.905,1.6,710.655,341.29999999999995,342.0,0.9,127.2
새우초밥,245ml,189.0,28.65,10.0,3.14,2.45,129.0,131.0,394.0,0.9,63.44
새우튀김,117.6,145.0,16.54,7.1,5.52,2.22,105.0,64.0,322.0,0.84,28.44
새우튀김롤,300g,202.0,32.09,4.82,6.06,3.71,77.0,68.0,464.0,1.14,18.62
샐러드김밥,230g,140.0,19.98,4.84,4.55,0.0,118.0,55.0,307.0,1.1,19.3
생선가스,259ml,105.0,5.12,9.0,4.93,0.3,131.0,111.0,372.0,0.85,51.16
생선물회,700g,76.0,7.9,4.91,2.7,2.86,160.0,66.0,299.0,0.4,17.18
생연어,100.0,110.29,1.002,20.908,1.938,0.0,349.6,249.04,213.06,,60.0
선지(해장)국,600ml,27.0,2.15,3.6,0.49,0.45,70.0,17.0,248.0,0.13,0.75
설렁탕,500g,24.0,0.36,4.26,0.58,0.0,23.0,17.0,22.0,0.23,6.97
소갈비찜,750ml,111.0,6.45,5.38,7.08,2.92,135.0,50.0,291.0,2.46,16.23
소고기국밥,809ml,66.0,12.54,2.3,0.56,0.41,46.0,28.0,124.0,0.2,2.7
소고기김밥,230g,140.0,19.98,4.84,4.55,0.0,118.0,55.0,307.0,1.1,19.3
소고기메추리알장조림,50ml,152.0,6.22,14.4,7.12,1.4,249.0,164.0,636.0,2.55,122.98
소고기무국,251.9,23.0,0.53,1.6,1.49,0.17,51.0,18.0,135.0,0.46,5.2
소고기미역국,300ml,21.0,0.92,1.6,1.37,0.02,129.0,18.0,258.0,0.42,4.13
소고기버섯죽,800g,72.0,13.63,2.34,0.93,0.03,52.0,22.0,158.0,0.34,3.26
소고기전골,300g,63.0,0.46,7.89,3.24,0.05,176.0,77.0,299.0,0.69,16.08
소곱창구이,66.20,171.0,3.71,8.8,11.89,2.43,186.0,104.0,296.0,2.84,190.33
소머리국밥,809ml,66.0,12.54,2.3,0.56,0.41,46.0,28.0,124.0,0.2,2.7
소불고기,200g,170.0,4.26,16.41,9.66,3.24,309.0,153.0,418.0,3.26,50.02
소세지볶음,200g,280.0,14.41,11.94,19.38,5.83,158.0,165.0,887.0,5.8,28.41
소양념갈비구이,216ml,298.0,9.01,14.4,21.6,5.25,247.0,111.0,479.0,7.29,53.03
송이덮밥,572ml,93.0,19.64,1.9,0.65,1.27,117.0,36.0,46.0,0.12,0.0
송편,100g,200.0,43.6,5.4,0.4,1.5163000000000002,108.0,62.0,466.0,0.0,0.0
수수부꾸미,100g,248.0,42.1,5.73,6.29,0.24,191.0,111.0,261.0,0.97,0.0
수수팥떡,100g,204.0,43.03,6.7,0.59,2.82,249.0,117.0,242.0,0.16,0.0
수제비,650g,58.0,11.08,2.31,0.52,0.0,106.0,36.0,142.0,0.15,12.85
숙주나물,50g,35.0,2.96,2.22,1.58,1.58,80.0,36.0,403.0,0.12,0.0
순대국,600g,85.0,14.95,2.35,1.75,0.26,65.0,32.0,330.0,0.5,9.67
순대국밥,900g,75.0,10.38,3.17,2.28,0.17,34.0,31.0,126.0,1.26,48.69
순대볶음,150ml,150.0,27.39,2.9,3.19,1.35,69.0,27.0,474.0,1.09,27.34
순두부찌개,150ml,25.0,1.36,3.0,0.84,0.61,108.0,36.0,122.0,0.18,5.06
시금치나물,50g,69.0,3.36,3.74,4.46,0.1,627.0,58.0,136.0,0.4,0.0
시금치된장국,300ml,12.0,1.65,1.0,0.26,0.5,162.0,22.0,178.0,0.05,0.3
시래기된장국,300ml,11.0,1.6,0.7,0.26,0.26,34.0,12.0,166.0,0.04,0.01
시루떡,100g,224.0,48.13,3.77,1.85,0.04,161.0,65.0,195.0,0.11,0.0
쌀국수,800ml,58.0,10.29,2.2,0.87,0.6,118.0,56.0,358.0,0.19,11.76
쌀밥,100g,166.0,37.33,3.36,0.32,0.02,26.0,28.0,0.0,0.1,0.0
쑥갓나물무침,150g,64.0,4.4,3.0,3.8,0.2,256.0,59.0,473.0,0.47,0.03
쑥된장국,280ml,14.0,1.64,1.0,0.47,0.29,84.0,19.0,163.0,0.07,0.3
쑥떡,100g,249.0,57.89,3.36,0.4,10.72,75.0,41.0,254.0,0.2,0.0
아귀찜,200g,84.0,7.26,6.72,3.13,2.73,267.0,109.0,392.0,0.48,51.39
아욱된장국,300ml,12.0,1.89,1.0,0.22,0.2,97.0,22.0,152.0,0.04,0.77
알감자조림,50g,114.0,18.1,2.4,3.52,7.68,401.0,56.0,487.0,0.42,0.0
알밥,330g,128.0,15.75,4.73,5.11,2.3,128.0,61.0,430.0,0.59,45.98
알탕,520g,39.0,1.74,6.37,0.74,0.0,164.0,113.0,250.0,0.16,80.81
야채전,100g,145.0,22.59,3.57,4.5,2.06,173.0,38.0,259.0,0.89,19.62
약과,30g,399.0,84.89,4.2,4.75,16.89,73.0,67.0,57.0,1.22,0.0
약식,100g,220.0,45.24,4.21,2.45,13.24,85.0,43.0,221.0,0.27,0.0
양념게장,200.0,275.55400000000003,46.330000000000005,20.41,2.0580000000000003,26.520000000000003,792.52,283.47,1747.8440000000005,,134.4
양념왕갈비,150.0,485.5065000000001,15.036,29.332500000000003,33.706500000000005,8.352,451.08450000000005,335.2995,533.1929999999999,,103.5
양념치킨,100g,248.0,14.62,21.04,31.146,3.26,381.256,315.664,405.0,2.4,0.06
양배추구이,100.0,60.933,7.621,2.711,2.651,0.8420000000000001,235.389,45.841,242.337,,5.5
양송이버섯볶음,117.5,104.0,5.17,4.5,7.58,2.76,221.0,79.0,215.0,2.31,13.44
양파장아찌,50ml,63.0,16.05,0.6,0.03,15.42,112.0,18.0,6050.0,0.01,0.0
어묵국,350g,31.0,3.83,1.49,1.03,0.07,110.0,25.0,226.0,0.07,2.45
어묵볶음,140g,197.0,24.33,8.41,7.29,6.31,130.0,90.0,818.0,1.32,16.64
어죽,800g,69.0,12.6,2.55,0.94,1.23,86.0,38.0,263.0,0.21,4.43
연어롤 ,300g,170.0,24.77,6.19,5.13,2.82,110.0,76.0,404.0,0.94,20.66
연어초밥,245ml,189.0,28.65,10.0,3.14,2.45,129.0,131.0,394.0,0.9,63.44
연포탕,1000g,54.0,2.02,9.49,0.9,0.02,103.0,83.0,234.0,0.18,105.75
열무김치,100g,36.0,5.87,2.39,0.38,0.68,353.0,44.0,583.0,0.06,0.0
열무김치국수,800g,54.0,8.7,1.88,1.28,2.33,109.0,23.0,376.0,0.08,1.92
열무비빔밥,600ml,84.0,16.86,2.5,0.51,0.61,89.0,34.0,112.0,0.17,1.94
열무얼갈이김치,50g,35.0,5.22,2.15,0.66,0.91,308.0,41.0,680.0,0.08,2.07
오리불고기,250g,145.0,9.05,6.75,9.05,6.29,302.0,94.0,467.0,2.04,31.13
오리탕,600g,121.0,6.08,9.5,6.56,3.58,297.0,120.0,317.0,1.33,38.47
오므라이스,400g,173.0,20.54,6.5,7.23,3.19,163.0,93.0,433.0,1.38,86.99
오삼불고기,200.0,356.93600000000004,21.462,23.348,20.238,7.423999999999999,634.996,307.85,870.4,,164.3
오이생채,50g,69.0,8.96,1.78,2.9,8.04,254.0,52.0,474.0,0.14,0.0
오이소박이,100g,37.0,6.66,1.76,0.37,3.17,283.0,40.0,302.0,0.08,0.0
오이지,50g,21.0,2.84,0.74,0.72,0.0,163.0,25.0,2050.0,0.04,0.0
오이피클,50.0,54.0,14.642,0.304,0.152,1.992,27.32,4.06,333.6,,0.0
오일소스스파게티,395ml,138.0,21.11,4.1,3.95,1.42,148.0,60.0,52.0,0.97,4.0
오징어국,500g,18.0,0.73,2.22,0.73,0.24,82.0,36.0,257.0,0.08,31.88
오징어덮밥,708.2,65.0,11.88,3.3,0.25,0.95,93.0,48.0,51.0,0.07,27.47
오징어무침,70.40,82.0,7.68,9.7,1.48,4.66,366.0,157.0,190.0,0.3,107.21
오징어볶음,200g,128.0,7.43,9.85,6.52,1.93,278.0,137.0,310.0,1.0,109.18
오징어젓갈,15ml,60.0,4.81,7.9,1.08,1.22,219.0,99.0,1858.0,0.22,93.45
오징어채볶음,70ml,164.0,6.56,25.48,3.41,2.35,263.0,260.0,522.0,0.56,110.69
오징어튀김,100ml,81.0,3.83,5.2,4.69,0.05,94.0,77.0,151.0,0.76,62.14
우거지나물무침,150g,86.0,5.8,3.0,5.67,1.0,128.0,58.0,515.0,0.67,0.87
우거지된장국,450.0,85.97250000000001,13.716,6.444,1.8135,0.0,611.8425,122.0625,1593.99,,0.0
우거지해장국,600.0,158.496,14.8564,14.1856,5.725200000000001,0.0,664.716,237.17200000000003,1972.088,,13.26
우렁된장국,500.0,245.275,21.19,24.72,7.049999999999999,0.0,745.05,270.92499999999995,2150.425,,22.95
우엉조림,30g,188.0,34.8,4.8,3.33,28.43,388.0,147.0,1174.0,0.53,0.0
유과,30g,424.0,74.23,2.81,12.83,24.15,35.0,62.0,23.0,1.37,0.0
유부초밥,300ml,199.0,27.04,5.8,6.92,2.2,52.0,94.0,134.0,1.11,0.0
육개장,440g,30.0,1.49,3.68,0.99,0.76,121.0,42.0,201.0,0.17,10.86
육사시미,150.0,203.55,6.959999999999999,29.28,6.074999999999999,4.095,541.8,252,888.03,,63.45
육전,100.0,197.098,6.724,19.582,9.514,0.299,338.324,173.222,248.684,,91.5
육회,150g,130.0,8.12,9.93,6.43,5.29,236.0,109.0,418.0,2.11,28.09
육회비빔밥,700ml,115.0,17.66,3.9,2.88,0.71,78.0,58.0,77.0,0.65,24.17
인절미,100g,242.0,50.07,5.64,2.16,6.35,128.0,61.0,297.0,0.24,0.0
일반김밥,230g,140.0,19.98,4.84,4.55,0.0,118.0,55.0,307.0,1.1,19.3
일반비빔밥,450g,142.0,18.84,6.86,4.32,0.05,180.0,79.0,232.0,0.95,42.26
일식우동,800ml,71.0,12.76,2.14,1.1,0.23,40.0,22.0,270.0,0.24,0.72
자장면,600g,88.0,14.37,2.69,2.22,6.07,63.0,29.0,307.0,0.38,2.05
자장밥,470g,122.0,15.57,4.27,4.72,0.03,137.0,49.0,236.0,0.58,5.75
잔치국수,800ml,61.0,10.58,2.4,0.84,0.82,83.0,37.0,272.0,0.19,11.76
잡채,200g,146.0,24.26,4.71,3.3,0.73,201.0,61.0,360.0,0.55,22.66
잡채밥,550g,150.0,25.79,4.02,3.42,0.05,148.0,47.0,227.0,0.41,5.91
잡탕밥,750g,104.0,13.99,5.88,2.68,0.06,69.0,65.0,281.0,0.54,43.98
잣죽,259ml,121.0,17.92,2.5,4.42,0.35,19.0,55.0,144.0,0.34,0.0
장어덮밥,500ml,95.0,15.04,3.5,1.99,0.42,28.0,46.0,80.0,0.48,23.52
장어초밥,500ml,95.0,15.04,3.5,1.99,0.42,28.0,46.0,80.0,0.48,23.52
전복죽,400g,79.0,9.62,1.82,3.73,0.0,20.0,14.0,158.0,0.19,8.62
전주비빔밥,450g,142.0,18.84,6.86,4.32,0.05,180.0,79.0,232.0,0.95,42.26
전주콩나물국밥,830ml,59.0,10.22,2.6,0.84,0.22,52.0,36.0,57.0,0.22,18.69
절편,100g,197.0,43.58,3.82,0.8,0.08,29.0,46.0,258.0,0.25,0.0
제육덮밥,500.0,796.94,95.8,37.8,27.52,5.4,624.95,573.7,1375.6899999999998,,108.0
조기조림,300g,128.0,4.27,13.7,6.27,1.5,265.0,154.0,590.0,1.67,76.06
조기찜,241.9,71.0,2.58,9.2,2.53,0.88,253.0,92.0,126.0,0.61,22.99
족발,250g,233.0,0.93,26.04,13.91,0.0,206.0,643.0,345.0,4.66,91.72
주꾸미볶음,200g,106.0,11.41,9.16,2.6,2.53,159.0,77.0,459.0,0.3,100.38
주먹밥,291ml,135.0,25.52,2.3,2.09,0.88,32.0,39.0,105.0,0.36,0.0
쥐치채,20.0,53.387,10.1772,2.7684,0.198,6.6036,78.51100000000001,31.711000000000006,289.4502,,5.928000000000001
쥐포튀김,55ml,184.0,10.54,13.7,9.45,8.43,177.0,120.0,291.0,1.46,35.31
증편,100g,200.0,44.15,3.17,1.2,3.19,22.0,38.0,284.0,0.15,0.0
지리탕,600g,44.0,1.65,6.93,1.03,0.25,142.0,89.0,246.0,0.18,47.18
짜장라면,100g,177.0,31.0,3.66,4.28,0.63,75.0,41.0,306.0,1.69,0.0
짬뽕,800g,58.0,8.26,2.79,1.54,1.57,80.0,36.0,181.0,0.25,10.52
짬뽕라면,765ml,91.0,12.32,3.4,2.92,0.28,76.0,45.0,91.0,1.25,18.59
짬뽕밥,900g,72.0,11.65,3.2,1.4,1.34,138.0,53.0,234.0,0.23,15.78
쫄면,550g,129.0,23.26,3.21,2.52,3.51,130.0,43.0,250.0,0.22,0.0
찜닭,300g,107.0,0.6,12.37,6.09,0.0,166.0,113.0,224.0,0.98,66.22
찰떡,100.0,216.185,44.876,5.807,1.24,5.495,151.4,83.83,236.819,,0.0
참꼬막,80.0,89.76720000000002,4.920799999999999,12.983200000000004,2.1712,1.5984,329.7464,212.1496,400.228,,46.992
참치김밥,230g,140.0,19.98,4.84,4.55,0.0,118.0,55.0,307.0,1.1,19.3
참치김치찌개,300g,51.0,2.9,3.59,2.82,0.15,219.0,54.0,264.0,0.26,6.54
참치마요삼각김밥,94.50,185.0,30.58,4.8,4.4,0.24,82.0,64.0,179.0,0.67,3.92
참치죽,800g,82.0,13.07,3.02,2.01,0.17,71.0,31.0,168.0,0.23,5.0
찹쌀떡,100g,277.0,65.61,3.26,0.15,17.54,53.0,41.0,226.0,0.15,0.0
채소죽,400g,43.0,7.62,1.69,0.69,0.17,172.0,19.0,224.0,0.18,0.0
채소튀김,100ml,101.0,11.65,1.3,5.28,1.45,95.0,30.0,138.0,0.82,5.64
청국장찌개,200g,47.0,1.92,5.03,2.11,0.0,157.0,70.0,242.0,0.45,2.61
청포묵무침,150ml,43.0,6.54,1.3,1.68,0.72,55.0,20.0,282.0,0.27,5.92
총각김치,100g,42.0,7.89,1.92,0.29,3.0,331.0,44.0,630.0,0.05,0.0
추어탕,350g,54.0,3.07,3.24,3.18,0.0,95.0,85.0,246.0,0.31,15.84
취나물,50g,148.0,6.61,2.75,12.31,0.0,127.0,43.0,564.0,1.68,0.0
치즈김밥 ,230g,140.0,19.98,4.84,4.55,0.0,118.0,55.0,307.0,1.1,19.3
치즈돈가스,250.0,758.496,45.48479999999999,36.0192,46.1472,0.0,569.976,344.364,855.0455999999999,,146.4
치즈라면,550g,82.0,13.65,1.72,2.28,0.0,57.0,20.0,283.0,0.82,0.0
치킨가스,200g,296.0,22.01,13.96,16.96,2.08,197.0,194.0,390.0,4.21,36.48
치킨데리야끼,340g,208.0,15.21,16.54,9.01,0.11,233.0,122.0,267.0,2.59,53.29
치킨윙,100.0,219.419,9.965,11.405,14.23,2.4462,113.24,72.625,351.394,,66.0
카레라이스,480g,108.0,20.74,3.11,1.4,0.16,91.0,35.0,210.0,0.44,2.79
캘리포니아롤,300g,163.0,29.74,4.11,3.02,2.97,76.0,52.0,432.0,0.71,21.99
코다리조림,100g,86.0,4.16,16.46,0.4,3.67,353.0,163.0,466.0,0.17,66.8
콘스프,200g,135.0,35.372,3.0,14.016,1.5,-,-,140.0,3.5,40.706
콩국수,800g,81.0,8.92,3.9,3.35,0.24,109.0,45.0,67.0,0.17,0.0
콩나물,50.0,24.129,1.1449999999999998,1.6395,1.979,0.0,78.36399999999999,21.6145,203.4965,,0.0
콩나물국,400g,6.0,0.61,0.74,0.09,0.16,37.0,12.0,219.0,0.03,0.73
콩밥,250ml,136.0,27.6,3.3,0.79,0.35,81.0,50.0,1.0,0.17,0.0
콩비지찌개,400g,69.0,3.57,6.74,3.08,3.25,277.0,83.0,289.0,0.51,7.12
콩조림,30g,281.0,34.83,17.97,7.73,3.53,602.0,251.0,868.0,0.67,0.0
크림소스스파게티,395ml,138.0,21.11,4.1,3.95,1.42,148.0,60.0,52.0,0.97,4.0
탕국,250.0,94.2375,2.575,12.0775,4.32,0.0,250.61249999999998,220.635,663.0474999999999,,35.475
탕수육,343ml,113.0,11.21,6.7,4.4,3.33,156.0,75.0,146.0,0.98,31.11
탕평채,100g,97.0,12.26,3.55,3.81,0.39,72.0,47.0,260.0,0.73,47.24
토란국,400g,16.0,2.61,1.0,0.12,0.27,109.0,16.0,190.0,0.04,1.12
토마토소스스파게티,500g,129.0,18.64,4.87,3.83,3.12,219.0,75.0,302.0,1.09,9.83
토마토스프,180g,136.0,12.418,2.78,25.402,7.78,-,-,339.0,3.33,70.8
파김치,100g,49.0,8.51,2.5,0.58,2.8,282.0,41.0,655.0,0.11,0.0
파래무침,30g,49.0,4.97,3.53,1.7,1.73,509.0,64.0,736.0,0.2,2.17
파무침,150g,71.0,9.08,2.25,2.81,8.02,255.0,46.0,424.0,0.31,6.25
파전,221ml,101.0,14.47,3.0,3.04,0.15,71.0,33.0,162.0,0.57,21.96
팥죽,400g,81.0,16.66,3.17,0.19,0.02,114.0,42.0,127.0,0.07,0.0
표고버섯볶음,110ml,35.0,3.96,1.7,2.11,0.92,122.0,26.0,143.0,0.34,1.85
하이라이스,360g,112.0,21.34,4.02,1.13,0.0,77.0,36.0,246.0,0.13,2.83
한치초밥,245ml,189.0,28.65,10.0,3.14,2.45,129.0,131.0,394.0,0.9,63.44
해물덮밥,572ml,78.0,14.15,3.8,0.39,0.69,77.0,56.0,68.0,0.1,26.88
해물볶음,168.7,137.0,9.29,14.7,4.45,3.56,285.0,204.0,519.0,0.75,107.62
해물볶음밥,500ml,106.0,15.38,5.32,2.19,1.08,76.0,69.0,140.0,0.54,51.87
해물찜,500g,80.0,7.08,8.52,1.96,1.1,225.0,117.0,427.0,0.3,83.83
해물칼국수,1100m,77.0,14.64,3.09,0.4,0.22,65.0,35.0,252.0,0.1,5.06
해물탕,600g,45.0,2.77,6.63,0.78,0.13,157.0,92.0,341.0,0.13,78.25
해물파전,153ml,106.0,10.63,6.0,3.99,0.28,118.0,76.0,267.0,0.69,43.0
해파리냉채,85ml,31.0,5.64,1.5,0.46,3.23,67.0,28.0,321.0,0.07,0.97
햄김치찌개,300g,31.0,3.17,1.47,1.39,0.04,105.0,33.0,445.0,0.45,4.39
햄버거스테이크,200.0,436.75200000000007,21.35,24.924,28.052,0.0,786.996,258.454,920.262,,75.78
햄부침,100g,244.0,11.3,11.3,17.1,1.0,178.0,188.0,716.0,4.4,72.11
현미밥,230g,172.0,38.9,3.1,0.47,0.0,41.0,57.0,2.0,0.18,0.0
호박볶음,70ml,27.0,3.53,0.84,1.32,1.62,144.0,27.0,234.0,0.19,1.31
호박부침개,53.40,159.0,19.42,4.6,6.56,1.2,153.0,65.0,429.0,1.22,48.65
호박전,70ml,84.0,6.78,2.18,5.27,1.16,117.0,42.0,202.0,0.89,31.36
호박죽,400g,49.0,6.58,1.93,1.71,3.56,335.0,45.0,42.0,0.04,0.0
호박찌개,300g,32.0,4.07,1.87,0.87,1.93,157.0,37.0,341.0,0.13,3.09
홍어무침,200g,99.0,12.98,8.93,1.32,7.23,276.0,141.0,401.0,0.18,28.51
홍합미역국,300ml,5.0,0.32,0.7,0.16,0.0,25.0,13.0,78.0,0.03,2.06
황태해장국,600g,30.0,0.95,4.08,1.13,0.25,84.0,42.0,256.0,0.18,25.05
회냉면,732.6,80.0,14.38,3.4,0.87,1.43,77.0,41.0,294.0,0.2,16.38
회덮밥,500g,137.0,20.66,6.04,3.31,2.19,163.0,79.0,149.0,0.58,17.73
회무침,250g,82.0,8.6,8.09,1.65,4.53,348.0,124.0,275.0,0.52,26.4
훈제연어,100g,234.0,0.2,24.78,14.94,0.55,397.0,282.0,158.0,2.17,44.98
훈제오리,250g,319.0,4.83,17.22,25.63,0.11,199.0,249.0,488.0,6.39,68.4
흑미밥,300ml,120.0,25.73,2.3,0.37,0.17,33.0,38.0,1.0,0.1,0.0
